https://attack.mitre.org/tactics/TA0043/,b609f19c4d29cfbf02c9bc2d037e5ea9d2822251e5316b83e8d9507f707f3afd
https://attack.mitre.org/tactics/TA0042/,f3eafce8b01d4129db522cdcbac35f14c9cdd9f57fc032428068a224d4544874
https://attack.mitre.org/tactics/TA0001/,a7cc160d4cca53e228aa83245b9bec184288321d5406015d3bf1a29e08b11dc8
https://attack.mitre.org/tactics/TA0002/,09e584ddfd60b0f0046480025359db152e2e96f2635bc7c33d97160227ee38fe
https://attack.mitre.org/tactics/TA0003/,050e05fff5672c6d3103787d1a326a9c50a2fdbebc22e344736ebc0699e6eb22
https://attack.mitre.org/tactics/TA0004/,5152cf76b0ec67d132375162d717d3f74cca2894fb0f2d2669ac8b32db78c0f4
https://attack.mitre.org/tactics/TA0005/,5882fd9d8335cd670226543f682e739d8e26c4e3ec8ea0141d2bc3c8b6c8e742
https://attack.mitre.org/tactics/TA0006/,93b845736c9d163b38e18b49d16690cd4036d0d614e000547318dd4a5785098b
https://attack.mitre.org/tactics/TA0007/,ef951d4b2dd3408dcaa50c835fea08e7bd59f0fa9ae855f478171c2e27fe9070
https://attack.mitre.org/tactics/TA0008/,86738329cb9a832297ecbaffc5f924251e8da5559cb095392b466fd2209fb5e5
https://attack.mitre.org/tactics/TA0009/,bb2609d278d7070a2cf9e1706586dc5994c7398d20e6d64ec21286cc24fc1c08
https://attack.mitre.org/tactics/TA0011/,4ac3caef8369c2946d052526ba7c7ead41f12aab6e42745c5092b3ad743d26e5
https://attack.mitre.org/tactics/TA0010/,2d61385a2d10e5c9930606b921ddb1a8624807591c5aceef22b710821115798e
https://attack.mitre.org/tactics/TA0040/,05485fd49b649db9358a25607b381f093138924fefc164e53464cc1cdd4c557c
https://attack.mitre.org/techniques/T1595/,acb573fb103649e3ede730f239df8f9ec92a87d8d411495e236f609d38a0fcdf
https://attack.mitre.org/techniques/T1595/001/,5912adfb226b37c879868e7f84c65291a28920f011725ec7254b0684c417ea61
https://attack.mitre.org/techniques/T1595/002/,05866c4e1a67539d1ea53103f6cc976dc84baa4cba27ed31e8d88cde9e56c60c
https://attack.mitre.org/techniques/T1595/003/,37bb7ce9eb123c935d169103f14d34da7094a5215fcdd0ef56dede3d46d40a7d
https://attack.mitre.org/techniques/T1592/,c0ef81f105fcef64bbcbc4da7bc51e5c7891d24071bf863e4f6fca0a127cb8c2
https://attack.mitre.org/techniques/T1592/001/,8de23ae1db4774dcd50ca7dab681ceb4724b12210e2b236755cf88aef0547dc2
https://attack.mitre.org/techniques/T1592/002/,d8dab34afb157f66b8753d6d52636f4ad2a29baf188ed38a199544bdeb39c32a
https://attack.mitre.org/techniques/T1592/003/,31f4e8436e4adfd196d1349c399417b976454190cc47193b72a76ff754da1a23
https://attack.mitre.org/techniques/T1592/004/,27539f5aa17721b42534d29046647657934b716970f1a022d6d28440af6a72d4
https://attack.mitre.org/techniques/T1589/,855e77752040552ff680212aec6205622926e482d319f6e4c51e870a8ea59f24
https://attack.mitre.org/techniques/T1589/001/,6a275700f7a797e24ec05e252ac8de41452f2d3d5aac16b742e4df61fb35ac66
https://attack.mitre.org/techniques/T1589/002/,f0992ab9e8d7fe60567822a75898d534e42097e30f55a6cd970831a0e4a600b1
https://attack.mitre.org/techniques/T1589/003/,c02c997920328bc59b371d6caeb68c2fe867dcc8bb72b0d470f7b8b73ef62e47
https://attack.mitre.org/techniques/T1590/,0d561175f80d95a5aaba49d328b969a6ecc2b9eeedabd6a01f584bb68604b82e
https://attack.mitre.org/techniques/T1590/001/,d11d9a3d8c35924edebdad50e39c979ad31392180cb8265f5299373b55c2cdaf
https://attack.mitre.org/techniques/T1590/002/,f538425ecd0fc8361b04eed231e496daca4effd168cbea9d8286a9678713d93d
https://attack.mitre.org/techniques/T1590/003/,4ae92605ea7debc16548b03f2b3edb5bce623bc8d21b77f2db33ff4d7cafa2ea
https://attack.mitre.org/techniques/T1590/004/,4e68444495c67198d947eef3858dc00240aafd1918618b172f785182a3c74937
https://attack.mitre.org/techniques/T1590/005/,ab89e94d62d14522e863094e1a37bb67ca2abae2b5274575aa02cc7feb1415ed
https://attack.mitre.org/techniques/T1590/006/,6e90396434839743fabd50d13335374346eebb83fd15a6a499511ca70ad484a1
https://attack.mitre.org/techniques/T1591/,1f9cbd184d84df0f079a7c4b832fd5196092467d3e4b942577636b764b790fb2
https://attack.mitre.org/techniques/T1591/001/,acc1b2ba7a5cac916ac4458609c64207036048149e41dcc7552fc6d09ca3a4ed
https://attack.mitre.org/techniques/T1591/002/,951942d5cd53decf8036773d3a7b5d49deb1278548ad671de379b03446902d8d
https://attack.mitre.org/techniques/T1591/003/,efdb6243b29071562feba8bf1da4776e71bf4a58120f95dc334ba19fc4571b56
https://attack.mitre.org/techniques/T1591/004/,395d4cdf0be22294b9f41a66d05f0ba2e5e27c883d19d88db84ee103f28218ba
https://attack.mitre.org/techniques/T1598/,5f96702b079d567f53398039ae03270cb923b3fa5254c370bcdee52a3cd736f3
https://attack.mitre.org/techniques/T1598/001/,2a6e84643b004065c20dabfa8910239462dccab91909375a0a682e0b94d00e91
https://attack.mitre.org/techniques/T1598/002/,d8c0bbb8e89b5bb1fcedb6ee671ba8d953430379ef8b2ffc566996a4d870785d
https://attack.mitre.org/techniques/T1598/003/,5280fe70c7fa1ec1346118f09023888ac17482643f3ae70af0e9e0c45916ef96
https://attack.mitre.org/techniques/T1598/004/,c6d1812842369b61304515cb86f0478eb6425ddfafcbed24dd87bd64dbf4bc4a
https://attack.mitre.org/techniques/T1597/,f540bdad8c8bf18cd1a25b75fdfd2271e593a9c24c661dec77a33c5325c02656
https://attack.mitre.org/techniques/T1597/001/,d07b481b03e2b0b830b286f834c45df7e8d2c36b864d99d0345d260fd3281573
https://attack.mitre.org/techniques/T1597/002/,db500af6cbf498ec9cf0470f5eaf654602c13b0a126267bcad34b10ec44f9711
https://attack.mitre.org/techniques/T1596/,22e4592be2dac6cb6fe5d77a5ea209fdb882806a675b84e3d3d0161ddb91bd8c
https://attack.mitre.org/techniques/T1596/001/,c19e11dd21fc445213c70e80f4c4e72bad455dd21e1faeb636f5322615bd44d2
https://attack.mitre.org/techniques/T1596/002/,443673954d160076f522f000ca2014bc41bb5253d0ba6f7f552e5604369e9cbb
https://attack.mitre.org/techniques/T1596/003/,c053ec79b4d067c059c77b3124d737671baf71f543298046ba342383d89491ac
https://attack.mitre.org/techniques/T1596/004/,bdca811788cd1c95faa384281228866e9e99100cd5d0dbada1ff58a23f6fa090
https://attack.mitre.org/techniques/T1596/005/,33700210cb9c28abb85d2c78c2a2d62cd52c41c6215323870c6c445f849190e2
https://attack.mitre.org/techniques/T1593/,600921ba6044fc7cc54681b99f679d0db81eed66ba9dcec6490309408de22fad
https://attack.mitre.org/techniques/T1593/001/,d4c3ba64e9ab4d62e48edd13111d099bb0283e286bf52958f8c519355e256a2a
https://attack.mitre.org/techniques/T1593/002/,f70a3b25ce1b86bb69415da5e58d64d96ccd6d127221c41cf0095d261f56fcd9
https://attack.mitre.org/techniques/T1593/003/,717311c380fb368268c87714003699a4c5e794ae710e21195ed75fdebb3ca8d3
https://attack.mitre.org/techniques/T1594/,6b085f32c716adcca21150b5084b3bd8865b433bbfc265fc4c3e5886124c0ff4
https://attack.mitre.org/techniques/T1650/,6b5f00e77d0679750cbdd4888ba33b0299c80c41c6b411349198c2bc8b9deee2
https://attack.mitre.org/techniques/T1583/,1978d10ffcae50a81b6ac3bdaf21365d0f40fb1aaf1332b9d5a91c4a74b8645b
https://attack.mitre.org/techniques/T1583/001/,58f643f0150a61a0a398ad8b442b22b519e05f30d5d22c52059cd56cf780a106
https://attack.mitre.org/techniques/T1583/002/,67b506c6a569c609a7fa716a1c6cc650e343c365b71cc32ea69ebef4dd506398
https://attack.mitre.org/techniques/T1583/003/,25576be261f76fc77a63e63d36d8a0d8e6ecb334cc1248d07614e1419de18bcf
https://attack.mitre.org/techniques/T1583/004/,4e6ef497f19be626e560b26485751484feb693252fa132cded9da0c1cd1c4929
https://attack.mitre.org/techniques/T1583/005/,f115b50e2f560db402c4dd4a6773a8b52b467fd253f8994ad9c199d7eb92a8ab
https://attack.mitre.org/techniques/T1583/006/,b1b1ea5fcb82d27a763832ac5b78f906793225d7df8730a7e103f16c29e3ed2e
https://attack.mitre.org/techniques/T1583/007/,bfba8b6604dccddbb74b7ee0c74a3fcfabe84cdff701d602dcd5b45305da27ef
https://attack.mitre.org/techniques/T1583/008/,4568b94fb25f089931822607f95ed0643325f7094063d65ff842859821bc7118
https://attack.mitre.org/techniques/T1586/,a8e108365b76ee8a5e44fadcd6038078baa5c3b78ec8fe5f631a5d585ce16f4a
https://attack.mitre.org/techniques/T1586/001/,63fb556b2f69cd5815285d987645aa9523d6ca3c53084d4c2e684a3375cb445f
https://attack.mitre.org/techniques/T1586/002/,59580d3b7bde8d55e915d85b53b31347743372b17ad4f843cd04dcbf97f6f9b8
https://attack.mitre.org/techniques/T1586/003/,a84baad2b9e1b135b3d442719aec03969d5b1487a765ff3b3fe1e596be339eb1
https://attack.mitre.org/techniques/T1584/,96d5b15c4cd84f12b2dadb2cdd1e57a4c6fb1593b18f1f75fbbb6b7ffc7febeb
https://attack.mitre.org/techniques/T1584/001/,09ddb2849e9cd889cafb0a4fb1e1787c485de77abdef0bb967e63b98ff7991a6
https://attack.mitre.org/techniques/T1584/002/,50246a4c277691e16163617d81e22263e774800b379367ff035ac8cab46235bb
https://attack.mitre.org/techniques/T1584/003/,eb6e9d73a20d093a75f418b346b2c4ed7037b57914dcfaa9dfd7734026813d14
https://attack.mitre.org/techniques/T1584/004/,1febc805b78dc34dd5e711ebe1d1e2a16b2e546152f4b02e95f832e12ebb5404
https://attack.mitre.org/techniques/T1584/005/,0ad05c8d68a65ba090b614da392a3e67c8c706681e035ad216214cf6bad9d501
https://attack.mitre.org/techniques/T1584/006/,85fdee413923f758bbc19827b9e9f181cc47e1d0ea8b2e5178c88215690e98b3
https://attack.mitre.org/techniques/T1584/007/,70275de766d49beae8d0944831c3a9ad80fbb13d26e263a06776c7a26add6293
https://attack.mitre.org/techniques/T1587/,d9b9ad26a3922c024ef44e1f0df5025d145aac313f57027ed8d73ed1a96cfd93
https://attack.mitre.org/techniques/T1587/001/,4e9812b9ba71941731d0e747d78ff1a166cbfd0a6ae41f164a682de0360599b3
https://attack.mitre.org/techniques/T1587/002/,7ef6eb6122fafac21870e1d2178b22fd25a90e034c3624dfa4461643debe4415
https://attack.mitre.org/techniques/T1587/003/,6168ea6630d95826cec6b4de121fffbe888b1b08c61f816aadf9c050b1c17190
https://attack.mitre.org/techniques/T1587/004/,de1db2dccfef5430648ffd5a4ec4f20e25fdef739100881dd2ec0c8fe353ab26
https://attack.mitre.org/techniques/T1585/,eb16cb4fbdf4ed5db1a75916c3b7e7f58aaf62f7e60fc167037dfbc57bf147dd
https://attack.mitre.org/techniques/T1585/001/,4b8a4832f7ca6c9bf27c2408d1a3f1dfd2e1bedaf3b961081eb4d8547dd63996
https://attack.mitre.org/techniques/T1585/002/,3cdc217c469672cc90d7304d2466f9795c1f204d880e476c5c2f36e2bb38d1ff
https://attack.mitre.org/techniques/T1585/003/,306b528a4224c5cf2c9903e62f92855b18cf85d63b48a9d2edf22f8ff282ebed
https://attack.mitre.org/techniques/T1588/,8a100811a88e7bddd13586eb4c139de4981264c95024a8365ab586e026e21114
https://attack.mitre.org/techniques/T1588/001/,09104e3d11927e392a4f9c08bf4405b9799680be9ea1a5e2bb8e8463b6a41ddc
https://attack.mitre.org/techniques/T1588/002/,99ff75e827a4be24f3b279a82b89293c317bd872e43bea49165a26df8dc6b11f
https://attack.mitre.org/techniques/T1588/003/,1cad65a768e55ee9d4544a48e4a287278a898f9c4c7eda5e16dd8bf0a1081641
https://attack.mitre.org/techniques/T1588/004/,fc49da1ce68f827badb44f96237c00f1e4aab39c4fa6ff9a261f0c5c96f5773e
https://attack.mitre.org/techniques/T1588/005/,8331a8c73ffa230860008e13500fe10a947b59ea6ca4b178728408f8da261aa4
https://attack.mitre.org/techniques/T1588/006/,c3882f89afc02b3c58af8eb4a52b7080c9cebeda4ff86aeb7ddd7a27ad55ea36
https://attack.mitre.org/techniques/T1608/,60e2abe9ea254e9e0711ca4b8e6d5e8cc2092d82b5de9568e8bc63eebc6b95eb
https://attack.mitre.org/techniques/T1608/001/,47bf74bde43ba9a5f38d75b210d4c62cbb1f09001f9909acccf18930fc53bdae
https://attack.mitre.org/techniques/T1608/002/,5e600f24422244ff314fe4871ebeb2c05b7f093161f33058e156686f9a65c240
https://attack.mitre.org/techniques/T1608/003/,c18b12c77208607261972d64f4b8a5a17ac54563c59a30ed057c246ef75f1702
https://attack.mitre.org/techniques/T1608/004/,b9c5642c7062480072c6d4ea198736d8531887a88b085671408d3e239f7c2eaf
https://attack.mitre.org/techniques/T1608/005/,be287ebc592b9a47f743664d093aae34235f62747f86a1ddc835c70b5e2cb254
https://attack.mitre.org/techniques/T1608/006/,759e80c15e0e1a1f52506f37dac1975dca077923a26841b0266ddb4d3c0e70f5
https://attack.mitre.org/techniques/T1659/,7c1c72df70bad0ee34ca14380697092943191685c3e7ccdcaca2791aec9e9bf0
https://attack.mitre.org/techniques/T1189/,20a0a34dd9a4164533b2c2c48d71f2b5700ddfbffabfcfd07a4cc98a35c86433
https://attack.mitre.org/techniques/T1190/,73bac0b1334a17eeaf890c843e2ef0a85e383f5e8d8700e9e797cbfda284647e
https://attack.mitre.org/techniques/T1133/,7e08c842e9ce7fa5861038e56ea50cafed066a83b6ff57477e47f3a1f619b5a8
https://attack.mitre.org/techniques/T1200/,cef6cede0f55388f0f87c83cec027034c1770ce2eefa1f68df90fcf62ee1a10b
https://attack.mitre.org/techniques/T1566/,3132e38e83fa9bfa5190a473f96f5d3d1e9c4d4425cc15db5f49ceae0909aadc
https://attack.mitre.org/techniques/T1566/001/,2814a7b41d6b1617ac2a2fdd11032bfff30c63d7dceb2355e393307b0b00b7bc
https://attack.mitre.org/techniques/T1566/002/,e305f5db69b1ecead2eeb304dd3f929adc130d8035fd0c1dc6a1e0eda24b437b
https://attack.mitre.org/techniques/T1566/003/,aac1a376e93db7c59d0222ce65873c8595e8b9ef445abe12e8fa096655c9583c
https://attack.mitre.org/techniques/T1566/004/,8f2e29fc06b52a16f1a6989e7caf706119dd7f44da29543f118fa070127fc5a5
https://attack.mitre.org/techniques/T1091/,c4cd91cc468cdfbd8167b7dd859904d063b2942a4af573e55c9d9cba32776c54
https://attack.mitre.org/techniques/T1195/,d80a455946c86f55f3026c6485a07a227631e319ae3b2f237429d7be33af34a7
https://attack.mitre.org/techniques/T1195/001/,b02070b1f059f391aa827441de501815a38a9a9eba6f8b9e6a7d2addc2088e51
https://attack.mitre.org/techniques/T1195/002/,b36f04bdd065c4d1e9da379baafce7a8438d69e34a32306a8a22f370f2ae89b6
https://attack.mitre.org/techniques/T1195/003/,587802dab003c3ddabecc125404f40e70068ea50d0ceb5acde74dc591d169db7
https://attack.mitre.org/techniques/T1199/,76096c9b54b8548b4f79cd135e2365ef0354a9e3954ac561357a76ef5f4877bb
https://attack.mitre.org/techniques/T1078/,5e7db885bccd8d092a92d91eb2ee3cf5e37dd3c3b9e1b4d5b3d275cae6139cbd
https://attack.mitre.org/techniques/T1078/001/,4c2b1398459b902d7e004b2f629dc4864e759f5c9d15bd96455818668f14ba88
https://attack.mitre.org/techniques/T1078/002/,f88545e04e42bcb4ca180295be65168591a92a664426b910339247ae57485719
https://attack.mitre.org/techniques/T1078/003/,962593329351383526ec9aea2f3934a66fcbfb4c556d4cc04a8ef3bd53d6ebcb
https://attack.mitre.org/techniques/T1078/004/,74bdfa4cfe4a3c3f923243612c46223276ee1f3ed29e9fe7143e7cbf0f20ff87
https://attack.mitre.org/techniques/T1651/,cc8f663864b2344ad021d523ab64f00edd638db77b20904e93f8830b619308b1
https://attack.mitre.org/techniques/T1059/,2ba6e3470c4c1c9ba7e385ec1f56cadb8fc4b927236ba71f5374cd0f04338092
https://attack.mitre.org/techniques/T1059/001/,f093f123ccae64632cf55e0762d24d5982708b3441b060bcdd7239dc6e7e7c13
https://attack.mitre.org/techniques/T1059/002/,9e5a8f2008bd641261bcebdb7c3a9f288582385ada4c2dc2515d72f1908d0b47
https://attack.mitre.org/techniques/T1059/003/,1baa58b8d0fda02d39de95242bb2765d88c3fb7aa8c994a6269709055403be55
https://attack.mitre.org/techniques/T1059/004/,e77a280db5c6134e807aec8ba759250d52b4cd09a44dc1c77633e20cf7fb6d7e
https://attack.mitre.org/techniques/T1059/005/,805b3d4da18ea161b08edb4301be9533af75013c83eb3e1c7ba846b18dbfde50
https://attack.mitre.org/techniques/T1059/006/,70b1c39a588e9184e4547c1321fee185f9309a06e5e5ded590f66d39076477bd
https://attack.mitre.org/techniques/T1059/007/,cf79ea54617ec1a3a67c116669425852bdebb0bf9b30fe50e36897bdb6437ba9
https://attack.mitre.org/techniques/T1059/008/,cf8b63613d40ada4bbad694312a5bb0d658c90e55e97e36235f327aea847705a
https://attack.mitre.org/techniques/T1059/009/,8cb330e3091335f4f7cd458b64439041b4fd7229e4d5afe514ab23d7e0740b1c
https://attack.mitre.org/techniques/T1609/,7dc891dad56980a139eba45d4d0ab4d6efe6e27ab252f4e36fed42ebda814c56
https://attack.mitre.org/techniques/T1610/,4390dd5364abacced45887c5c1d044d29d352e023d79d4a29d315c79b192bd7f
https://attack.mitre.org/techniques/T1203/,b9e59bb0ef9fc409eda04b05372e16a118e169865b804ed2c65e85fcf57ecb41
https://attack.mitre.org/techniques/T1559/,139623d9c425c6fb085de3db452498ce158a48cf51c369b1ecf3412ba180277c
https://attack.mitre.org/techniques/T1559/001/,ac4c8c6417edf6e8d1d6b96fa65ad40c19ffcb01c1a749212b789fcf96c21bb6
https://attack.mitre.org/techniques/T1559/002/,22b8108f3602a9894c1c09b5f478b773a5d9ef7524bdae697273a218f1612dc6
https://attack.mitre.org/techniques/T1559/003/,0b16c35c11186b1074edc1accffc8e0cc9ac530c175440fe7e2a3022dd1e13a3
https://attack.mitre.org/techniques/T1106/,dc9ae1959025d166d49ac63146d125a68ac7a62ef2644a27dea9cd20b75dad19
https://attack.mitre.org/techniques/T1053/,122f4761c5021e1969b6164188fa6f946766bbb71bc0491af1f305514aae7819
https://attack.mitre.org/techniques/T1053/002/,31921f73b150c1e9a3cff721a096ec4843e9b6bbd5a7853a295b6db081d494c6
https://attack.mitre.org/techniques/T1053/003/,e7ee5850312ac31ed562fe4a735462126fc0ed8db055ed501c565fc4c8086683
https://attack.mitre.org/techniques/T1053/005/,690c77e0282b9f6e7a817c7399698b4d33a57da28dd5a802f43f9b7e0132b1e6
https://attack.mitre.org/techniques/T1053/006/,c9acca3336c43b759ebd996e158ebfbf121be63dc7bfb2749ba22036da5c328a
https://attack.mitre.org/techniques/T1053/007/,cf2263047ef6692f0f58a9f781018efa16f279b3cfbb13c8d31a2ca174ce9665
https://attack.mitre.org/techniques/T1648/,3f99b32a792b529d6e2dffd207b0b5bb6a7427257c1b680bbc3dc587dffb84fe
https://attack.mitre.org/techniques/T1129/,ffe58e9e6097d75d2dedb538c9fbfa3afe8510139cb494f09821957bce57b20c
https://attack.mitre.org/techniques/T1072/,7c1b63830ce93706eee3d455803fe2f27cef64c59526088fd8dc7d0d3416e29a
https://attack.mitre.org/techniques/T1569/,26a47ca8075a0463994ce75437aeb75cb2097bbf96432458857a8e6c737daf74
https://attack.mitre.org/techniques/T1569/001/,9070fd07d6de7778823ba479b571c9e793b236a0a9c72ee9cbc29e878c9b83dc
https://attack.mitre.org/techniques/T1569/002/,d57ef8ea98a70f07d3b555a2d53aa9fa08d684d2ddfce8f4cfe0616550484ca1
https://attack.mitre.org/techniques/T1204/,957fb5a29ac28b16bdf6120e99441b920af52003defbd74d469f10b5c041c439
https://attack.mitre.org/techniques/T1204/001/,9fcf2224cf820f1e896c535f8f85654a41502f539407a408e4dd33d9678c69ec
https://attack.mitre.org/techniques/T1204/002/,0753348a6aa177c5163dfab28ed751f74ee56ab0f6c5cfbb39ae4502f7a0a24f
https://attack.mitre.org/techniques/T1204/003/,ca3f50586554711b17162ffd5de1639fb23935226567ec8b394c0373d4056b8b
https://attack.mitre.org/techniques/T1047/,b61f2c77c6c881432235624c8b4b2027929684d3391aadb5a30e98f1e719662f
https://attack.mitre.org/techniques/T1098/,600f6d49750daa1cbc2d8597e91eaf6a1252b29460e89fd73c66848c6aa19020
https://attack.mitre.org/techniques/T1098/001/,e79fb6c83fc09817116b87f92d25bc5f8dad352559417d3af38d604b0ed1078b
https://attack.mitre.org/techniques/T1098/002/,d06bf3b8341d185b01207b55fcb2678d6e3885b4c58d555a7d844f5114bf95cc
https://attack.mitre.org/techniques/T1098/003/,27e20442c055338a103bbaed94617f98815b0d6185e39f11538b80a1ec760351
https://attack.mitre.org/techniques/T1098/004/,8cab366bc14604c7843f7920fc2154b1a7da3f5dd5a8d7776cee7950e5227c35
https://attack.mitre.org/techniques/T1098/005/,368c20c6bd923949c807ad7258e575105b6b9e131ead23c0776e66123614ca2f
https://attack.mitre.org/techniques/T1098/006/,4db7abaef9bc5e5fb6e8ebf66b7bb95a2add2dc06bf7c9f7252e8f7c87534b48
https://attack.mitre.org/techniques/T1197/,b39d7425ed81275a89f8443c02ef06ac2e5a1a7eca8d768736b052b350beb5e2
https://attack.mitre.org/techniques/T1547/,8985f57d6eb926df70f132fb4becab09ea0e75d2bde378f52177a4eba00c394c
https://attack.mitre.org/techniques/T1547/001/,d71b66bc93dc67fc45044dbc22479912fe6df03fc9959c05140bef6ea7f0f280
https://attack.mitre.org/techniques/T1547/002/,4cf767ba4096deca40dd36a19777d8ad7de49a315de75e4e4820e100f2dad37f
https://attack.mitre.org/techniques/T1547/003/,03b16211045b595b6ca60800a5159ab621c13acb137db88a218806ee080f8732
https://attack.mitre.org/techniques/T1547/004/,44d9540be8c19703208ae8bc82fa9c4a87ee5878154fd9ab3e622154b81b1e21
https://attack.mitre.org/techniques/T1547/005/,ec526d959f74da1d6cf1e181774be2271ec97112bac68458a2cfd8e5236a1b2f
https://attack.mitre.org/techniques/T1547/006/,2fb02f1bd8c7c136b7cea583b7e524904f68064938d6a3ee4692e7293a364cc0
https://attack.mitre.org/techniques/T1547/007/,b773b5dc9ef944a69c5fd0e90b9a2bd155a74aea29262f829c0b6b76ac003582
https://attack.mitre.org/techniques/T1547/008/,565c7df38b7c2cb5c5277948e5cefe8a3f6cc362261eaee9d507fbc386908445
https://attack.mitre.org/techniques/T1547/009/,0a534ee2c45ceafce209e3e1eaf5b87bae490175a924181517159233cccf5eec
https://attack.mitre.org/techniques/T1547/010/,2a219fe8eb38b4a5e7eac4f925bcbe19a1897fa00d7cc6810e454c083d7115d2
https://attack.mitre.org/techniques/T1547/012/,2927dfbb8e772e6e1e784dd562e3fb23441f6163859230190cb14ca09f73f76a
https://attack.mitre.org/techniques/T1547/013/,1fe1926e01ac0f78ddbf704b96aa5b0bc1fa87a03327405c74abab5cb5011543
https://attack.mitre.org/techniques/T1547/014/,9831ca7a0c43ac1f5ec1de74ff3439ced0b313e24c1b9c27a66c1dd365c3ceef
https://attack.mitre.org/techniques/T1547/015/,dedacb0edb192fda4f8be882c0ce3ac6e894387a03235dca5d1ceff06fcde017
https://attack.mitre.org/techniques/T1037/,688aa57dbe82d737f5fdc983429d2304157bc95cd09857a5ffac86ea4159b7b2
https://attack.mitre.org/techniques/T1037/001/,20f9c1c6f124b73df2c27eeee12b6a73db07181a52b6eaa54d9dc2ee37da4eae
https://attack.mitre.org/techniques/T1037/002/,0e5d36a86545772e580303cf9d39c262839eb22a4d4eb544e2fd85849bfef6ec
https://attack.mitre.org/techniques/T1037/003/,6ee624c6af0eb848b3a6a1d908cac7743a9d414798689082a4cbf609a5da3c27
https://attack.mitre.org/techniques/T1037/004/,5bb43e60abc646ad86c7c9e7665df31bd096d642d564bc9a16ef545b7cd5b317
https://attack.mitre.org/techniques/T1037/005/,839150c6d9fe475e8aca969754722ab1fc9520376616d7cde9c63589bd67a0f1
https://attack.mitre.org/techniques/T1176/,e2c18bcf0a468ce2b80186b516efc7e6d574d0f4ae003ae3b399a9535f940236
https://attack.mitre.org/techniques/T1554/,188277043c0b07aaff46f1e3cb6d340a184dba73abc394addcb1e83904498d44
https://attack.mitre.org/techniques/T1136/,04a2197daf58b4a0729e2fc348ada2d4ebc3be56bc2c9ce5e62e3a5352b5f6ae
https://attack.mitre.org/techniques/T1136/001/,8bc816d02f3797232e4230210e31caaf85fd87dc8b8b1a3c91f95c77cff7792c
https://attack.mitre.org/techniques/T1136/002/,b4c86c5ff80d5581ba6a187d7e30649ea561b31a7df8fde95d8c7cf8f84b75bf
https://attack.mitre.org/techniques/T1136/003/,fa3c1e4bd1357bf78378a7d4601ec3c859bd24af53a4464d72135b62884dadf1
https://attack.mitre.org/techniques/T1543/,8c62cdfea7b20828e74c7a7f26833dd1f36dd7490960ef784777c370017b4ebf
https://attack.mitre.org/techniques/T1543/001/,213ba69618c5e155478420410ad7011792be207b6d73d28ffbf153302c39ddb4
https://attack.mitre.org/techniques/T1543/002/,1bb38796896fe8c55c20e4d8d649854097412e389043046056cb505b760701b6
https://attack.mitre.org/techniques/T1543/003/,9b53f49a0095aefca8ef1c9f1cb87896c18f1bc1252a17d5b599540064026e1a
https://attack.mitre.org/techniques/T1543/004/,c6b42060ca2635f2e16ded9be290d3a1576c3700243d83f0db632e96994453a8
https://attack.mitre.org/techniques/T1546/,b01be808b9adb55607be1decf17d3ba61ae4b25de28461c2527ca950231c1c1b
https://attack.mitre.org/techniques/T1546/001/,4fdfdb8a0098fdc793275da4b4d1fc4d4061aaccd15f86c258011da3f85e622f
https://attack.mitre.org/techniques/T1546/002/,ed668737d63c6d58d6df7381d12a1ad3ef3da31f45e2127f959751719ca1ad0f
https://attack.mitre.org/techniques/T1546/003/,92a78e1d505d518f5e13d7543ef3c964a7a076cada728eddaae6b59a6d76b77f
https://attack.mitre.org/techniques/T1546/004/,b6672ac1611b62ec709155858c9c8368313802d329e87c1c6a39f8ce5370b4d1
https://attack.mitre.org/techniques/T1546/005/,0d4ba6ccc960ea34ac843506f7f26a035b3eda2d9ddd0f64f07a632f5dd4040a
https://attack.mitre.org/techniques/T1546/006/,cc4676c8a54a295c9d62ee4d020cbde6befd3d2e242054277ab68106661f16ce
https://attack.mitre.org/techniques/T1546/007/,3d443e48ef02be7f20e3d1430d444812c9574582460597bb4ee331be013c929e
https://attack.mitre.org/techniques/T1546/008/,ef75bfcc6ff5c00be94c73fb748cc14fa2a2601e5bf5a22c9f3c8042d6321ad4
https://attack.mitre.org/techniques/T1546/009/,a142a03bad5b6a658152b656621fc8e5be3a96272d6a113269edab91a5183de4
https://attack.mitre.org/techniques/T1546/010/,4de6889a521fb4d03f2ce8878823334fd5cae9718a26e27ee1896f0f841fad40
https://attack.mitre.org/techniques/T1546/011/,5223e0ca238db0f8a1f3af7acb7cdbf2416ca721b07cf03833de4d3faa58bd79
https://attack.mitre.org/techniques/T1546/012/,d8994ed46e8176c199f758b65a4a855bd6a59daff78323302225e69ea50b5e2e
https://attack.mitre.org/techniques/T1546/013/,384b7406b5ce87347139c917434ee4d9db7a78c37906efcf339f57c038855877
https://attack.mitre.org/techniques/T1546/014/,f0318df277b4fcde3c419dcf29ef29d2687e6163dfe39b88781332788a640d23
https://attack.mitre.org/techniques/T1546/015/,0a5031aca8dce20fb0e530f6c703f02659a73374e133b392b668aaeed78045be
https://attack.mitre.org/techniques/T1546/016/,43642fc42a6356feca7d89ad8007729a7c42aaf7c723c94a178b2253dc43f226
https://attack.mitre.org/techniques/T1574/,2dc157432f177b8f7d7321d0424ae581ddf72756e9ec4c700e74c543062b3a9a
https://attack.mitre.org/techniques/T1574/001/,f7bd991cc590d31b85c697f1d25645936a9919b2a9f1131915b9dc725e4d79bf
https://attack.mitre.org/techniques/T1574/002/,358a08c6a8084961f583423804be60c9f02119084c419473285265c8ad0a75c1
https://attack.mitre.org/techniques/T1574/004/,35f624a76e3183dedf790e4873fca5c66d509c4546be4a7eb343460f70e3c5f2
https://attack.mitre.org/techniques/T1574/005/,1f6397daa767b03f34033ce8afb4e4716aa7616a8014a7c2b67ee142adf5ae6f
https://attack.mitre.org/techniques/T1574/006/,61ccc4034f579bf7800fabd023bdce11d5746bc48f08cae770e56245492fa61a
https://attack.mitre.org/techniques/T1574/007/,1e92cbead141404489dd4fdefaeca13fbe87e03254aa8d77603584aeb856cf42
https://attack.mitre.org/techniques/T1574/008/,5c5538e3d77a8f55e5a2176a0a65f25dc86b1483e3085aaa6dae2fa880fd4da7
https://attack.mitre.org/techniques/T1574/009/,39d3fc4bccf1c8f18088b1f08f79ddd50788cb4bbdcc14ca652055d12fe0a796
https://attack.mitre.org/techniques/T1574/010/,fa26a82387393d498726ee36072a12de853b027591c366e2b1834b52d52c5d06
https://attack.mitre.org/techniques/T1574/011/,039d7038f69a3e34cca4436347cf8d914679e0a9a8166c14aa5c8c09426d103b
https://attack.mitre.org/techniques/T1574/012/,1fcbf322f5f5741b9f87059acfcf4bfb107a9e1e5d0e3f89e6bf14c0c95cdf72
https://attack.mitre.org/techniques/T1574/013/,2e299c9b3ef11ca21865ef7fda7da7d7093b79d874fbf957244c24fa4d180ff6
https://attack.mitre.org/techniques/T1525/,674acce4307b588d82b41a156aa2c14660631f0ac70047c564dbc4cf106fff5b
https://attack.mitre.org/techniques/T1556/,68f7596277d9b002e0cbc2736beb07929ea2d8d99a509565c87dc664d8f1ff4a
https://attack.mitre.org/techniques/T1556/001/,190ac9947614a3da08b118dc07291121bec11a8b79fd5fc2c3a8d687689629cd
https://attack.mitre.org/techniques/T1556/002/,35db49f48be0af1e4e4f0a0a5ac2ec7660acff55c3257615c708942369b1ed95
https://attack.mitre.org/techniques/T1556/003/,e073805ebeac8e9471daf9f1768a178bc8154007782107424f2b42dae69d6605
https://attack.mitre.org/techniques/T1556/004/,651fb1fcf6a469dc677b6e924c6696772aeb8503e42f7260431dfb13af2a98dd
https://attack.mitre.org/techniques/T1556/005/,85c47e550d8adc4d0360c09cc919d3150e823938d7f28cb3174d086097f39dcc
https://attack.mitre.org/techniques/T1556/006/,b5210fabaefec15a2e219fca9289269e911bbacc95572ebcb756319d6960c633
https://attack.mitre.org/techniques/T1556/007/,daf0c0142d349e66131e1da32406e685a284887a796370d5c50d1c31ebcbe47d
https://attack.mitre.org/techniques/T1556/008/,1b302eb2acb8c3532ced9f95fd07f8c2dad4274669e7a5abb6abf7ee994d7c27
https://attack.mitre.org/techniques/T1137/,421a41079820ae281ca87b5c28c7571d240510e786424e4c5fae14c3efc4cb25
https://attack.mitre.org/techniques/T1137/001/,09d7be559875b98a9f50a0d5f0c7b97e7fc7ce505b3ace184ae088ea5459ce93
https://attack.mitre.org/techniques/T1137/002/,08a7a03cb54846d1bfe1fa93d0fc9d6f3b422b44a8ad6c8e03cd9e0108a27c8b
https://attack.mitre.org/techniques/T1137/003/,ae0a74e6c9cd6e819d5b2de307c31323ef535b1f54b6f6902a1578e70eb7a90c
https://attack.mitre.org/techniques/T1137/004/,c002a310a1bc3dcaf718459187c581e264af45e1da9dfc9a6864e91d230d49f7
https://attack.mitre.org/techniques/T1137/005/,bcfd129782779508c58c76d6279dc0d4584c3b5ab6fd6f4f7345c3debbb5bac5
https://attack.mitre.org/techniques/T1137/006/,750e26009353b70a0643c73e589ea103f6ec28cb36a81c7a8ece10b97f97443e
https://attack.mitre.org/techniques/T1653/,362928abba7892c7cf400a5dc03adf02a30dc6bea222fc5d5807df33538fffe5
https://attack.mitre.org/techniques/T1542/,5f3bad87cf61751ae2c546a3cff007de760355bad67da6df37ad3b3df950a289
https://attack.mitre.org/techniques/T1542/001/,d1a82a8da62154ea0842452de10a0442139a49d0ac97e387e40d24268c35b443
https://attack.mitre.org/techniques/T1542/002/,40a37f019d981a3a158aed9889edb2b4e9357024e9da249cfee25f2f6245b862
https://attack.mitre.org/techniques/T1542/003/,71aaaabb91efd05f59a5e8440f3345f156237eef8bcd6facb14b13bbdc697a12
https://attack.mitre.org/techniques/T1542/004/,f03ac19a86af3a7eeaea345e462e1e37d16309f3f88bdfd2a6da2bf6cc710a84
https://attack.mitre.org/techniques/T1542/005/,b093004f2ec66d81bd0f9c314fea70a7c0f8e129ec2b9c5abdf81e5444c304b0
https://attack.mitre.org/techniques/T1505/,b28e8d078f665eb17eaf807c6beecff6532508feff797c9cb75acd44a089d94c
https://attack.mitre.org/techniques/T1505/001/,8ee0f151db1407b38bbacc3ae78fe3b5d288d30dcc2c10fbc6120b4e28dcd298
https://attack.mitre.org/techniques/T1505/002/,0f739abe74a94c984a6ea42701ff6a560aa99a293f84732dd909ab73d7b08ee7
https://attack.mitre.org/techniques/T1505/003/,1850123ae5d94e85ed85aa446fbc0cf7b9726b0dfbaaaaaed7c5b5d81d2f7062
https://attack.mitre.org/techniques/T1505/004/,f77278ccb86df0d4fd366f57bfb73e2d593bf858bf4d6e39abbcb5c6c2c15c71
https://attack.mitre.org/techniques/T1505/005/,b7b677d2614d346151ba745ea7a4c3c31ec06469ca1ee67c252172f33ee4296d
https://attack.mitre.org/techniques/T1205/,582044a1b4bb7681fe6c4c1013a28137ac8e2aa6f6a41ef7b4d0834d2cef4674
https://attack.mitre.org/techniques/T1205/001/,b43378c8abdec84aaf5d667e7c06fb556b394041dbe973250e2abe73dec38023
https://attack.mitre.org/techniques/T1205/002/,3295571602ed46bedc1c94a2decf36fe4bfaa5366951a907feee33b3f86bcf1d
https://attack.mitre.org/techniques/T1548/,8942b37d8a693d8b3ef9d26230107c33b97c7d9a0be34afcd6f1232c7f7e673a
https://attack.mitre.org/techniques/T1548/001/,16c046f6daba5ae2e571351138e854862fcc4cbd19c1eafd5c074dea0dd560d8
https://attack.mitre.org/techniques/T1548/002/,fedc4f9b24e76c9412accbb5f3e09de8f6f32e3aff4fea88a19005b0755fe55b
https://attack.mitre.org/techniques/T1548/003/,d0c54084f49a5aa2236b3f49bf53136fc4dec33e25cf5bd96abe2dd61fd9f0f1
https://attack.mitre.org/techniques/T1548/004/,d1d53b17bb2b235eb7eae09f00180cf4d377e292b527835ce1d3e8529c6cf899
https://attack.mitre.org/techniques/T1548/005/,5a5920421c0f6ac93c0518c2ac0db869eecd07731c819182fcf0365d0fabf32b
https://attack.mitre.org/techniques/T1134/,2467b4c034b0745fdf1de24110abcfc67a3b98a51c47aac34049b0b1da63a7f1
https://attack.mitre.org/techniques/T1134/001/,b8a6fc466a519cc7f352bde437f1fec39d6c37fa01de5b845d709f7f4ed0faed
https://attack.mitre.org/techniques/T1134/002/,b2ca509f700dc85115d1496beb20f71f0e20812457dad46570013a94946a8fbc
https://attack.mitre.org/techniques/T1134/003/,680a2a5bc29751922f81eccb0a3746b54f368a172a45a3c3cb31c579a02b4cf8
https://attack.mitre.org/techniques/T1134/004/,2f3f64a46c6585098e0cb06877ee6d8a88e8b8f5397ef7dbfd98c75ad886eccb
https://attack.mitre.org/techniques/T1134/005/,42382ca3fd8ec54c6bce3201556be97fad78a45ad4cae2f037e88edced20f287
https://attack.mitre.org/techniques/T1484/,f06b4f53f0411bb0c41a22eeca770005217f2d4a5903473f853b52361f30b42e
https://attack.mitre.org/techniques/T1484/001/,e49516203fa6a5246ff2e0751ccf84747a3e8d77dd9c57c24d82ce651d7071b8
https://attack.mitre.org/techniques/T1484/002/,100c391f0b48cb3ea7dd524f02ed2360790362c045a26ffa208cc37655c16849
https://attack.mitre.org/techniques/T1611/,dac2a7da5755268188d37d38ecabcc1ad202484397f35a9789b74f13c4a55f1e
https://attack.mitre.org/techniques/T1068/,c233507491a6a307f90ba82ab226f82acf137c604ec235b78229d128c3167014
https://attack.mitre.org/techniques/T1055/,0abc2bcf6b77f501aa53205d3d3c1837f7d79b3dcd38857a0e58075de5b84ea4
https://attack.mitre.org/techniques/T1055/001/,19e3ad7e514b9a5579947d3a5d5815caba33fbd318dd3c627fba8beb0a8dbf7c
https://attack.mitre.org/techniques/T1055/002/,99d85b18dca7825ce69c3c74e97373aac6a5b49564927e896178f023dd3d280c
https://attack.mitre.org/techniques/T1055/003/,8971ffaddf45ac618822c266edb7824a7a577204d52aa29635b51b8aa6ff62e2
https://attack.mitre.org/techniques/T1055/004/,c1e031c56656878b3e1298017d1045beb5d0206ce5c96d79d04722d819e5a83f
https://attack.mitre.org/techniques/T1055/005/,2eef89916089183d30b70ba1d76e806d98b638bf21096c95030cd59d1234df59
https://attack.mitre.org/techniques/T1055/008/,750a4a1591a985252652d4a527465197f491cd740257b33babe7707a450aa481
https://attack.mitre.org/techniques/T1055/009/,d140a804f2f220f71553ec54db913eb8850e3069719d4fa73947d0349a9b5cfe
https://attack.mitre.org/techniques/T1055/011/,f05a97bec345041fbbf7306c1c8b3ff81a31913ab5ee1b447369fa297e4671bd
https://attack.mitre.org/techniques/T1055/012/,fdaed2c706da8745c002b8f22cc48af50fd6f69cb63f8ee68d7a9b7d82f54ff2
https://attack.mitre.org/techniques/T1055/013/,d8a068e23c58d21865b47e1f61480b1cd9a12e0ef8218feb94764781540a3d7b
https://attack.mitre.org/techniques/T1055/014/,a22b801f4e8559694f655efd973a05c2f1557446fc867f8daa18d9afac70ce30
https://attack.mitre.org/techniques/T1055/015/,c94de516c85a1dd732d0075964739ab714653b27ec9f736ae4cfc19ddcaa2016
https://attack.mitre.org/techniques/T1612/,1ab948f6aac215761910c7f2da950aa3a02488131c76f60ca29c7726572828e2
https://attack.mitre.org/techniques/T1622/,a674ef07f82e5c44085eaaab52fdf2fc67eb69c3edda888134fe1c4ba2c36838
https://attack.mitre.org/techniques/T1140/,cfa5020e277df0752348b748a79ae7b0a3b8a61422b08172764d10899a5b9a22
https://attack.mitre.org/techniques/T1006/,5271980a2e989dec1e7b3a7bbdab91c8a430ac1a74881799ec1b81a94eb37798
https://attack.mitre.org/techniques/T1480/,23aa328383f173d8eb82c8b90283719ec6addb4e0025e4e0ee3ed4bc28229de7
https://attack.mitre.org/techniques/T1480/001/,497c2570948cd31b6427cda42d63540925b20a59640bb2dbf417f79f74d0d3ee
https://attack.mitre.org/techniques/T1211/,2c099a2c1da4f85111b1b536b9195f6abe9117f70c09a4116b95fdfb36ca2aae
https://attack.mitre.org/techniques/T1222/,c38b16ac99b9a11270a92111e7b6a41db2606d92b0c1b640264aad2ee7fd1634
https://attack.mitre.org/techniques/T1222/001/,e66aa15a96b567277944f2027a27eab24feb07214eb4afd0a6f512035198b536
https://attack.mitre.org/techniques/T1222/002/,3dde306d4395d25d1ac58b3b23030ecae96ed5f17ef69ff108f1296214738a19
https://attack.mitre.org/techniques/T1564/,075ccb12d87a282f30badd2cd082542e6a2d8b05a48533e4b7571e5f932d730b
https://attack.mitre.org/techniques/T1564/001/,7c321355c0d60132affad60f4ea5f26c485d160fd817bbd49cbf32bbe0f197c8
https://attack.mitre.org/techniques/T1564/002/,cb1d7e455fd27ffe73e6d832030c0bcde63c9258c2d60aa0c4cbe82ff7942aa2
https://attack.mitre.org/techniques/T1564/003/,171175052bd99284b418943abb1bab5d18a3387a511362e2220ec5eeeb0465cc
https://attack.mitre.org/techniques/T1564/004/,a0d851d630884a2166961429f1c20ba79a76d61b98f33fa8c7d908cfa6a38290
https://attack.mitre.org/techniques/T1564/005/,358f4974ea5a1c45daa99480326a793ae49233c31bed5c83a4d7242aeb48af40
https://attack.mitre.org/techniques/T1564/006/,e306c0bdc948dcc86c9bbc8b96eddd39cb4feca7a8640a3487957bb5e79f5536
https://attack.mitre.org/techniques/T1564/007/,4b7a47c9fc578befa4b4265e70d32b60e392b99167a44c7a6cb2c0c23c27323b
https://attack.mitre.org/techniques/T1564/008/,b3a8585c6ccc2e3706704a43d6189886a97f7add03a86c15907841c26bfe71e5
https://attack.mitre.org/techniques/T1564/009/,4e2ccdb60cd94eb8c33d93a21406eacc3a34922e3982b90fe9439871255c636c
https://attack.mitre.org/techniques/T1564/010/,4b70e3c827cf8fd1e032d0b27db49399ddcc0db8817e64fd40fdbdfd200bc20b
https://attack.mitre.org/techniques/T1564/011/,7b5ebc53dbfc8912ccb4f81a6bbe1a1599ab370d0b1ed1f106d8e6ad98e873ee
https://attack.mitre.org/techniques/T1562/,6af1729e2d7cc9ed8ac967fb7d184d88d455e96af51ced4749ce59baf195e37d
https://attack.mitre.org/techniques/T1562/001/,deef6b22db24e5dfa31ba1c38482457155c5eba93d040d1a0d659395968b1ede
https://attack.mitre.org/techniques/T1562/002/,468c34dcfcbba6f2f4acc4182dfc1c903cbcb863441ce104363a4e754dceeef7
https://attack.mitre.org/techniques/T1562/003/,8cc10af2d8b99de9a8fee79f6537c52e6bdfd85632424fad7282f6a07bdce9b4
https://attack.mitre.org/techniques/T1562/004/,8743cbd5570172141e546f652c393030466a667154440611794e84d4346d6612
https://attack.mitre.org/techniques/T1562/006/,7e22e80ff081beda69206a07c06b759685e3ad1124557ad74783038243f71f45
https://attack.mitre.org/techniques/T1562/007/,747e0de557945c1b0cc1985ee06f7dfab5ca3f10300569bbbb7852ed0f720a30
https://attack.mitre.org/techniques/T1562/008/,dcaba00c4b2ae716d10e2a4d9636b82e6177f05c749f5db071584da2d279ee5a
https://attack.mitre.org/techniques/T1562/009/,bc76c069bf2b324d38f37e25f540c646c0e8183f3bf233c35cac6b4727666997
https://attack.mitre.org/techniques/T1562/010/,f88a868ff20c25eb1ed1a28b32ac715b2580a83f4b0c05e159aaf90edc8e8014
https://attack.mitre.org/techniques/T1562/011/,521eb7f158f095b5e521e873ab1b74614789fdb058e864c0be3c2516ce8133e6
https://attack.mitre.org/techniques/T1562/012/,6931ae5bd793f632c2bb1844df5900f1be6aef71253379b03451daf34d2b1020
https://attack.mitre.org/techniques/T1656/,701c42a9de96e8757a410625eb9f195d1b7f828661b1dd2e23dc76e60504145d
https://attack.mitre.org/techniques/T1070/,6110f7e8f8e356400f0481ccac6767d2b36b9f8b1eab8afe57fd37a03e994c8e
https://attack.mitre.org/techniques/T1070/001/,bd71c939c82db7f5e3f7a28f1bb994df001d4a7f5bdad3590e48720fc623e193
https://attack.mitre.org/techniques/T1070/002/,76fedf0e2fbc4b31bb0287920624e4e5a258f655401d180e4671085abb4164d0
https://attack.mitre.org/techniques/T1070/003/,27de6496e52261e273d0fdee9e017b459c26bf38f66f95f4a3b5697845e75ec9
https://attack.mitre.org/techniques/T1070/004/,62b1765801106f6d30327e75720ac382529621de92b5642ade082160b1c84338
https://attack.mitre.org/techniques/T1070/005/,8519cba1f6b98ee69bdb8758cd5e648df4d05e684cd9f50b54b67d78515fab99
https://attack.mitre.org/techniques/T1070/006/,b04416f4b4e92f6914bd122e7117b7dac5f3f25a6df82d2d9e1803263f27eb8a
https://attack.mitre.org/techniques/T1070/007/,9884654348638c5c9d112940f8fc7a3d7cd1689259dae96c864aa6479613b505
https://attack.mitre.org/techniques/T1070/008/,5c518e7313a89ed34794a5719b0856a5fcfc590ad2a94462acfd42293c133a30
https://attack.mitre.org/techniques/T1070/009/,80276c28bcbb0198b2b0f19e985c1e6ffe782bebf4e4d6c5286b240c77155f60
https://attack.mitre.org/techniques/T1202/,dc872d618f40c39c1eecb762b9a749565d3a932c8efc4d777df4fd27834b1b0a
https://attack.mitre.org/techniques/T1036/,637b81a344da9a27023d1b2d5440595df0c57678944a11553f4e70c520c6f9f2
https://attack.mitre.org/techniques/T1036/001/,10fdeff78fefbbabccc664f23640afd8b3939512c0daeca06d9fb31eaf7e3a85
https://attack.mitre.org/techniques/T1036/002/,2bf320ffe903d90d241cb1f1316a58b3cd92a789aedd617fa299b3a3253335ee
https://attack.mitre.org/techniques/T1036/003/,c1dd4bdc22cc3a05b951014cdcfae51e8a14095c8e9b7b9291fcbdbe2b6dd7ca
https://attack.mitre.org/techniques/T1036/004/,0d2b48293580e18e95284cdd32ca78b90244d405c841007a85ba123a07272770
https://attack.mitre.org/techniques/T1036/005/,f142d677cf647a10f379f175f3c6aa0721fd1893ff3d0c5400bee0af094d6c3e
https://attack.mitre.org/techniques/T1036/006/,f59116807918a3218f2aded34f7d5c0b23ad2ad0e462ce3c614f23b25bf530b9
https://attack.mitre.org/techniques/T1036/007/,6ca346a15b3cc57c2346a7d7a105bbc9901bcf616e45b2d3c8460b90add54718
https://attack.mitre.org/techniques/T1036/008/,6591f569e492fe6664a02fbf44b3532b8d77329ee1be072cbb11ea48db19d257
https://attack.mitre.org/techniques/T1036/009/,01267bdcb2d443a5de4eb9eea3af31d081e1b28d6330b72d0f32a67571f7b740
https://attack.mitre.org/techniques/T1578/,701e83bb862e16fbd3049d2048c09fa1b37c4004c51bce9853e0ad015d5eb0f2
https://attack.mitre.org/techniques/T1578/001/,bd1bc4ade41f7ad430ca55e77bdb53a73ffc86889d2a5b4cb296eb495f62d283
https://attack.mitre.org/techniques/T1578/002/,41f23f65370f53624476fbeabd9b33b5d33bbe6194d3b5693ca17937fc568bd6
https://attack.mitre.org/techniques/T1578/003/,bb81886a889cce706455666ed73688bdf1f1186fc7cbb5157b952117627872f4
https://attack.mitre.org/techniques/T1578/004/,a1870446c9ae1bc746c1a5f455b9fe2d26e0282366a18efe5c04762f87bec0e1
https://attack.mitre.org/techniques/T1578/005/,968b459cb4d0e202ae5dfa767ba7a067c4d8327347753915430ead3d53d34d29
https://attack.mitre.org/techniques/T1112/,ede6474bc5b40b1a1769baf9a1203037c9180690c0eec2703d40317f10799fbf
https://attack.mitre.org/techniques/T1601/,114ded9c01222d6ca001506959489272013deea6fe1b2b5297afa8e7d1da5694
https://attack.mitre.org/techniques/T1601/001/,364c37bb867d7c5a9090a31a178279b4356d6262d43a1323158d491037fd1011
https://attack.mitre.org/techniques/T1601/002/,251efd296ef0081dadc83bbb0d5338f92de9ee0b8800ba5c4217258e941f39d2
https://attack.mitre.org/techniques/T1599/,a7a685c99816b39fa2deb73f5fa49d23317da7f562d8b2adc92024a27274daf7
https://attack.mitre.org/techniques/T1599/001/,acb83885e11e184fa49ae4f771dcba0d7995fe265ba2149efc1e8294dfa62b5e
https://attack.mitre.org/techniques/T1027/,75e64f7972bbef9156dd9335799f6f42aba933ceb97e068621d3d78f0a4d90cb
https://attack.mitre.org/techniques/T1027/001/,c24aea5a8050d7b008e1d66f0a3f9ebda6b7fd1a8bad422b2e25b4af874a60bd
https://attack.mitre.org/techniques/T1027/002/,87286aecce83f2e3b059639751e82df2db3bdca9df4492369db85d8f61197f02
https://attack.mitre.org/techniques/T1027/003/,d6460771d94deb1f639ca5188ce90e48889eeea4cae64826b889bedb78104f40
https://attack.mitre.org/techniques/T1027/004/,d36552dbdb81b78c1685e1351489b461ba092599e23d8000d32df5f643e9f52f
https://attack.mitre.org/techniques/T1027/005/,377dad3cfcbbd1148ba3e24c2ba736b4984ac8aec26ea04817d7cb5c651122aa
https://attack.mitre.org/techniques/T1027/006/,9c8a85c84cf0b8c974dfbb35d3dfc9026b201c59e474d2faaa123143c8a533a3
https://attack.mitre.org/techniques/T1027/007/,67804b694084383cfef00e65c8ecd7879637b924e25621bc2f53d3ab482b836c
https://attack.mitre.org/techniques/T1027/008/,02994c04f67253ae924f92d74d0724cbf6713f2c52eb64542a1fbf14226c3c59
https://attack.mitre.org/techniques/T1027/009/,008f9e4337ade2c55433b1919a16f717f8b518f3f8398a601d2e3597b1aae04e
https://attack.mitre.org/techniques/T1027/010/,f8477aefa21c928ba0561854161e3019cb2890fe5a5aca843518302935f81fde
https://attack.mitre.org/techniques/T1027/011/,153bec4bbe381a9d7366bb4fa289150a458e16038d1aa1d68e8002618d18fc1a
https://attack.mitre.org/techniques/T1027/012/,853a9a71141445165a25847bf1ef4c2dac544f327889fc221e24a72afefebb47
https://attack.mitre.org/techniques/T1647/,4486dadc18728b966d69efc3d982bef4308e94a1a416a4960e9cbd6e478f93e7
https://attack.mitre.org/techniques/T1620/,feada39efd025266172d7bcfe6515b5494f598177562955b90b810af04f8b310
https://attack.mitre.org/techniques/T1207/,bffcd10ae3bea9cc0793d5993e85a511824bf30be84c0f8cf89e3d32f03e3506
https://attack.mitre.org/techniques/T1014/,6f5eb59442ef91557f785ea040c976b76d159e1a24678f063deb5594b11b320d
https://attack.mitre.org/techniques/T1553/,0ddd6cebac98cb5b6c93ea790b40e22d7922dda099f2cea09f48680f3f206b1f
https://attack.mitre.org/techniques/T1553/001/,0c8edc9c3bc1d67834c7c29667b249900b5ed663db9412b43511c95279144df8
https://attack.mitre.org/techniques/T1553/002/,abaeabcda2769c85a24dbb86fa38d1ef696908688df9dd0d19bdaf9abde8d3a4
https://attack.mitre.org/techniques/T1553/003/,2a2742acdff73b5872b46d219639b27d12f3872f3644af5d5d443c03e32c85de
https://attack.mitre.org/techniques/T1553/004/,2451c081197604bc60a7f61484aca24ab1b07579a6df033b2ae03dd4195afe1d
https://attack.mitre.org/techniques/T1553/005/,ae245b989bd09cdc833c0383baf7646ca1172b5dedacc843ffb0074e15998420
https://attack.mitre.org/techniques/T1553/006/,dec0fb108bf68ed2d8276db309620e0e4ad5f6947eaa64c9a04fe8113a900724
https://attack.mitre.org/techniques/T1218/,52197262d28e3d22dbab5fa82198c5372cfbe50b56d668b8b4c063fc65eec620
https://attack.mitre.org/techniques/T1218/001/,77264476ba5a975dedd6d548223327716844a3604f6638ae406a8b0a40029545
https://attack.mitre.org/techniques/T1218/002/,084586c9435d40f94821d06bd8e3db43da518bd3a2b25f0b7e633f486fcfa25c
https://attack.mitre.org/techniques/T1218/003/,ea4967d655f1e86bf20f96a64ec1507d4686426b6b68bf0d41b1b36b47b269bf
https://attack.mitre.org/techniques/T1218/004/,b42d3d84b3ade7b7927ec492eb9b72a1e834d3ee9df41adc3884f501fb44e8bf
https://attack.mitre.org/techniques/T1218/005/,d53d6d169920e5c1ffac8e5e299e9946de86cb4ba21a85b9dbbba9eec3d19edc
https://attack.mitre.org/techniques/T1218/007/,31acdbfc8d94b4bc6303a1133155a505dae56fe491c9d9b07b044b929049bebb
https://attack.mitre.org/techniques/T1218/008/,1fb32c3e02915494b2d2e77bb0c467b3f835f608c4b168fc9c937bf5d88c1fe8
https://attack.mitre.org/techniques/T1218/009/,cd58ec27d2e1bc294b46430e6032ccf071fd8d6a20c29fe140b43f735d4c2fd6
https://attack.mitre.org/techniques/T1218/010/,997114bd1d1bf27fbd375d761650bdeaae2188ef289372f1f1b505bc009ea5f9
https://attack.mitre.org/techniques/T1218/011/,5a0f3aa223c718bd749e2ef7ebb5cc3f1a213dc7f5371a2a711b005892d5d9e2
https://attack.mitre.org/techniques/T1218/012/,e36a08c0fa84b054fc663cea259e29cee3247e67e2e0c3da70d59f6b47059ba2
https://attack.mitre.org/techniques/T1218/013/,388b4067110c3bedd2cfb5aaae27f47d252ac3b7b14ef51e4eae1d2d781a7bcb
https://attack.mitre.org/techniques/T1218/014/,f6ef0930434332d08c56fe16f9746510cb3fa165227d92366895e64b650628a2
https://attack.mitre.org/techniques/T1216/,ba903c1a778a6f0fa58b1acb3bd370d1b0d92af704b1a6db33a2fb0462e4687f
https://attack.mitre.org/techniques/T1216/001/,0c0626e43736687f02f98eef338eab0aab6c29d0469a26812472487027adef7f
https://attack.mitre.org/techniques/T1221/,57ae80b71bfe5208ae13652f09a98bb55539869d34184b463398926670aad094
https://attack.mitre.org/techniques/T1127/,f7de84e27bee94d751aec901c24ede551a43c953849d3f8d6cec5c4c3bd80044
https://attack.mitre.org/techniques/T1127/001/,a97aacba0c54ab8c39b4ff0bb89946227dc18e376a7d8dfc36d2ef20dada5acb
https://attack.mitre.org/techniques/T1535/,10935d1cb616257fc8d7494a712f32dfbffd77b27c34b06c49935cd80b890f25
https://attack.mitre.org/techniques/T1550/,d9da4bfa852b76daa051e53bfd2cf3705dfc6e32916f8f91d8a45cf61434f372
https://attack.mitre.org/techniques/T1550/001/,d6b1f503da89e47348dffc14c08cc8af0eb0b53861b125cd0baf1c723a7527bb
https://attack.mitre.org/techniques/T1550/002/,dfd69240b49743e333afc6c8b9f9dc089fd11868a056091049219e90237a707f
https://attack.mitre.org/techniques/T1550/003/,4fc7b1f17592134b89984bf3328002117a816b7038f5576fbd4879d5904f0df8
https://attack.mitre.org/techniques/T1550/004/,cc93e25d6615ea12688fe4ca24b073d3a62d9aea3bf49f7a0e8a73b5ee9bfc1b
https://attack.mitre.org/techniques/T1497/,95fe751e3a782e001bfe63646efa70ef5653445ddb319f66d63ba6362d79d35a
https://attack.mitre.org/techniques/T1497/001/,faded9d5affa2bfcdd55b2997beb0cd98a10aee9ae132f0c80e6912ac3370376
https://attack.mitre.org/techniques/T1497/002/,60033f6ae59f0e53117b1c1db94629a705fb12617e09d53b9ddb4a12767201d4
https://attack.mitre.org/techniques/T1497/003/,015dabc47178b4bf65a9c3e1b11cf8e147ba8b2c58bcda61306b3ef14c22a64a
https://attack.mitre.org/techniques/T1600/,1dccb25b7dd43703331a556f2fae26a0f95abe67ec77c867f301a8570f487c3d
https://attack.mitre.org/techniques/T1600/001/,54ae353c14343824764676a2b35b5466f981cfeb834e3b6f1a5e56c0ba63ad4b
https://attack.mitre.org/techniques/T1600/002/,a53e00cc27cebaf87ad9425961dbddfb625e7db7e3af20137403a2e00a545b10
https://attack.mitre.org/techniques/T1220/,d1a9a186025e621fb6ada317882222e5b6ddbc92bb759245bd9dc877a580f1b4
https://attack.mitre.org/techniques/T1557/,62537aaadbd6e9f75d8fc8e5b3d8bb345ef42c1c1cb48779897872645f14a90c
https://attack.mitre.org/techniques/T1557/001/,c86b8302bb1f3f48f614ee01ab46241b5a23ba1e9e1a9caea6aa9290f8525e1d
https://attack.mitre.org/techniques/T1557/002/,548dea98b5da74f11fb38cc5435cee96653c8ea0beef8fc71e58469efa3e3545
https://attack.mitre.org/techniques/T1557/003/,6424430f823ca2adfab3fe7ad3d7b87e74f02228717f8e2438899ea488333877
https://attack.mitre.org/techniques/T1110/,f39f9b8af3fc91707e22fe35734a4e5f647081757d4511a939b3fe4872cc3641
https://attack.mitre.org/techniques/T1110/001/,ccc1d6c553b555dabd89057bc383d30c8d72b5134f0deecc0aba90c17a88f9d5
https://attack.mitre.org/techniques/T1110/002/,76e5d349b72b0d4b6aadc82df62b340d48b2ebbf2dd05cc7d9c6b0fd3a5dc3ef
https://attack.mitre.org/techniques/T1110/003/,afbe18d72ff84567a423b3590cd23bcec441411acbcb6a17bd4816281dd361b0
https://attack.mitre.org/techniques/T1110/004/,2aa5d82ac40ea99a6a6eed221960de472ac1a51edb43d733ff88c5d272792eee
https://attack.mitre.org/techniques/T1555/,57ce3072acfdb1c0b07737c413cf5671972a111f2408e68c25e6c676f17ba7bb
https://attack.mitre.org/techniques/T1555/001/,4c6a493755c6c4eed06be9c89c7d5c693b535abf98259d81ea0e088934b70316
https://attack.mitre.org/techniques/T1555/002/,920dfe707f2fa67c213f609e55f877e340a6bb4dbf0fcbb8adb6bd535ed1f317
https://attack.mitre.org/techniques/T1555/003/,040cf1a5169649ba9159e6af368c3a1e4d6179c86a97deb5e3a2e636ae367307
https://attack.mitre.org/techniques/T1555/004/,ce764a54b385c731b7353f05f49143ecf965d6d001e69479a9ba79fc450de971
https://attack.mitre.org/techniques/T1555/005/,012bab65ee65369d913b76fbdfef67f77c422e2766baee2deed7aab2013e577d
https://attack.mitre.org/techniques/T1555/006/,d2ffb493af61b895b9f84cfe148e11aa4a4bc80d756efe76cac5ff952f64b259
https://attack.mitre.org/techniques/T1212/,4555a75ffdced26a61541919f4744ba8125b5a98d3003c5a45689f6f4c53768f
https://attack.mitre.org/techniques/T1187/,96d0bbfb4c3ae3a11c93e7229c2faeadc0758b14754bfd9d893197d64154aced
https://attack.mitre.org/techniques/T1606/,376df2e26c762958a1941c721052840703a19a4ee43569938416f3a59ebfb48d
https://attack.mitre.org/techniques/T1606/001/,6ed4b0bf48425b7af8ee00d6b436cf4ffe1670f5fb14825e73d116ab20d6c166
https://attack.mitre.org/techniques/T1606/002/,7e1037da11e9082bcd6a96f7957a4d6d0965871b17949e9edce3ca8950f11d6b
https://attack.mitre.org/techniques/T1056/,e5d41ecbe67aef5368c874a3daaf8bdb3a015702299deec9626bddb61be549f7
https://attack.mitre.org/techniques/T1056/001/,0e8c6f833b0317780ed9ef1750d6de36f212fdc36e325a4291a0231c4f4e715a
https://attack.mitre.org/techniques/T1056/002/,7a1f7ee0ff98552c594e4bc909935558863dc3c320e1d40222b504f719a58dff
https://attack.mitre.org/techniques/T1056/003/,ecb91a0d88150cba994ceb513348674b3dff6d4e4873412c035f56873dad3acf
https://attack.mitre.org/techniques/T1056/004/,f0d26b0926ef59cc4e90b4ae1df2ef16b36cdbd9b7465047640e6515a699b7af
https://attack.mitre.org/techniques/T1111/,723969d09928a206be33c04ecaa1f934e981045b25dbce937a1f6b7e6ea8e310
https://attack.mitre.org/techniques/T1621/,5887c30714f32fb8a5c8c115874125b67471fc90878e77fa23bcd25cecfffcea
https://attack.mitre.org/techniques/T1040/,6a86dace04722bc4f744d752ecf4c1aa7a144aaca71a316c8afbf5bfac261716
https://attack.mitre.org/techniques/T1003/,ff0ba7f8bd3221fab24890b6dc79bb6c243110a8a5d1403f8a24f2e6ae4c303d
https://attack.mitre.org/techniques/T1003/001/,2354a10049a0403c551fb831c7eb3d1138e7978be1e859e52a1d3db5a588d923
https://attack.mitre.org/techniques/T1003/002/,512b9cce96863ff75b2e4a27e61415b4894216223ea931c5bed7493f8c298632
https://attack.mitre.org/techniques/T1003/003/,16a80ed500dbee8284c3d0cfc2d2fc9fe4132c090623c0eb1f62031b2a241524
https://attack.mitre.org/techniques/T1003/004/,61b960d92b6f9f132317aa2d59e41f58bb5f601c9aa717a3fd42ba39698f9e3c
https://attack.mitre.org/techniques/T1003/005/,a91977d4ccbbfc4c8096abfb372778ec2416359ea2980cfd12dd3509b777fe4b
https://attack.mitre.org/techniques/T1003/006/,7ba336fa6509c195c9ea2e0f1b3ffe19ed8eda816cd66ad73a3a0fe69f94d470
https://attack.mitre.org/techniques/T1003/007/,8db8b99f45bacadd422334853f3d6960b243fc178cdc07723a196c6ca644859b
https://attack.mitre.org/techniques/T1003/008/,ffdf8dd36df8c56cb72f53e13db50def7fd28effca98075cdcddfcab99ca3dd1
https://attack.mitre.org/techniques/T1528/,396edf60f4e056b7693ba6080db506985c2e39e6c921438c4979a502a2fef16e
https://attack.mitre.org/techniques/T1649/,9f37cf5fe99d31f141a973db707d440b9acb1da948eacd6c9f2b7d807943aa11
https://attack.mitre.org/techniques/T1558/,3514c8d61ef629d91c209818e9feb7faaf3798a146503832ef35b83c08cb9878
https://attack.mitre.org/techniques/T1558/001/,f2f352e370b4348fa647a0bad742bbc19f3dc6d0dfb3c68052b89078f457d57d
https://attack.mitre.org/techniques/T1558/002/,c97b580cae744f509a6759908c69c683376819fef7bca98521bc2d7565d6b37f
https://attack.mitre.org/techniques/T1558/003/,e9b9fe6320337b052330d30b14c320233fa07ff3391115b1e3da4d32a11a7005
https://attack.mitre.org/techniques/T1558/004/,fea196375537e823aebf6ec7f12964b5393fe3a5340e6e0af536b750c4349c19
https://attack.mitre.org/techniques/T1539/,cc610207b65296bb891846dff9361cfcc81315a39dcea493513ad2e5ea8277a9
https://attack.mitre.org/techniques/T1552/,4a927fc6d8d7cc7d295ffc7e64a9a2899f60444b2f45cc69c561207eaa1893b4
https://attack.mitre.org/techniques/T1552/001/,9ac917065f9968f5fd5226dd1cbc55e7bd74c719785121027abbb5a033f699a8
https://attack.mitre.org/techniques/T1552/002/,db20171580806363cf097a70da5ffc0b41ca33ed8370c2c5f7a64e5d9940a8e0
https://attack.mitre.org/techniques/T1552/003/,ce27ea767ce2a9d1c0ae371cd221a746c28b718a586427964b095016a231161e
https://attack.mitre.org/techniques/T1552/004/,63d780ce090c51b43bdc8f272b9b388591217d8ad5d7fbcd4e3f179e464fc955
https://attack.mitre.org/techniques/T1552/005/,4dc366211cdcd735651716181d67fe309a7bec564558feb9220f1ce82147af09
https://attack.mitre.org/techniques/T1552/006/,477e69981b1b7c8b5f2dd9c22cd544772bbe8d68663df1ca750543fc293102d6
https://attack.mitre.org/techniques/T1552/007/,4a166a8dc5b4cd8f9b386cb8af6217eeb4235525ac26089c200cf6c3591605e0
https://attack.mitre.org/techniques/T1552/008/,c63ac0fe6148b4053a5a288f50f3f558070a04025e8e6afc41816e82b35cc7e3
https://attack.mitre.org/techniques/T1087/,8af8d869f702ad88034c93764e612fbc80aa689b35c02595e3178d25252cab26
https://attack.mitre.org/techniques/T1087/001/,e603c90082b0afecb949131da316b442301f67592eadf7e0ab969dd2a98e5a14
https://attack.mitre.org/techniques/T1087/002/,e1cef1a3ae0aa7712a26117afd03902e8a0c4e92f57275f3a6df54ff9370dc6a
https://attack.mitre.org/techniques/T1087/003/,af192fab9eb7a82b557f1ec200fbf4abc9757ac47a77a3af9d5d8b68e093a031
https://attack.mitre.org/techniques/T1087/004/,464893a8951fbd2c49a456f19442cecb8868174fe3426a5fec09448aad35a557
https://attack.mitre.org/techniques/T1010/,580e765534f0d8d5622af749c1c5fd624a10e340d8fd1b30ae99f34fa4e7e0bf
https://attack.mitre.org/techniques/T1217/,d2a8942006dcf6f5937b9ca11d7fde0362c923f89c478028145e208f35b6c399
https://attack.mitre.org/techniques/T1580/,94fc9161cf67514a651d079923a804ba04f4a4c9f39e2038006ec8052308169c
https://attack.mitre.org/techniques/T1538/,fbdabbaea02fdb05fb4bc532e67735f43dc99be553c78c999c8aeea31a3c8fad
https://attack.mitre.org/techniques/T1526/,a8361b77e6e0d64c9329e9ea77acd19551eec6cfab4a652d9c8d02333ef7bf03
https://attack.mitre.org/techniques/T1619/,825a1b1f0e02cabe0c5302f6cacf7abce26ffa7e968a7f2548d7d07e5c982cc7
https://attack.mitre.org/techniques/T1613/,781f0a5e1955761d4fd4cc9288ce74741993bfcfb4b7b6d3145aa79a206d4c84
https://attack.mitre.org/techniques/T1652/,9948f067c7fd0372cad2efc5692f3f34800bc89d32af84c313055f5a796c30f4
https://attack.mitre.org/techniques/T1482/,10bab5af762e0868c1cccf67092f0e5a3a168c5353696cef5e08b07f1ab140ac
https://attack.mitre.org/techniques/T1083/,df82f93b9972e3dc59396ac5efb58cd05c928d99c1a0f6038f080b832bca6e8e
https://attack.mitre.org/techniques/T1615/,4da25958aebaa6160fae03f2460b4e5efb19937e0feeda79f6aa52f22775aff2
https://attack.mitre.org/techniques/T1654/,b391b855dc43fb4877c739eb1e7979646c104bfc244612eb65691331b9905c04
https://attack.mitre.org/techniques/T1046/,b6ddf874c697f49eafa838aa2188ce1a424da666f889107348fa3d78c2251ace
https://attack.mitre.org/techniques/T1135/,b1d6b45194098b11ac6a8769905e657b0a9071a013357279391fe39dc250e7c1
https://attack.mitre.org/techniques/T1201/,cef62e874a7cca0725debff0882ae726bd1f47cc7d3c10e7b0953fbf7a2b2bf4
https://attack.mitre.org/techniques/T1120/,1ae1a1666428236f5c662cb7d4445f6c4daef8c856d37d6e6a21e1f73f1eccd4
https://attack.mitre.org/techniques/T1069/,213bdee8e1f2ca675091cf4b79fb084ae4bb733fa55aed51c51d910b85c470f8
https://attack.mitre.org/techniques/T1069/001/,81e78e5c350112af701bb465cc70e355d652ef6fb6901a575267ae7d2bf2e2a1
https://attack.mitre.org/techniques/T1069/002/,ba4f324c2b99f3df210ab689a607782e28a37d29c773c80917f6148e42584019
https://attack.mitre.org/techniques/T1069/003/,0fd5bcfaab71907e86e27f461de3f611afe9da650b0e3e16be791f2060f75868
https://attack.mitre.org/techniques/T1057/,4de5f21272edcfa96450c2378c4bb07ac1380ffc2e0af6ea1738931fd0ff485a
https://attack.mitre.org/techniques/T1012/,23558d30dd59793dfa1e0d87e01781a135cb4ad3c166216d71f711b1234c9253
https://attack.mitre.org/techniques/T1018/,a8d1fb9036103d71bcca6f4889a0077ac31fae46b30436ff57386501d1d62167
https://attack.mitre.org/techniques/T1518/,c3b393ac70cabec9eab0fa2aa3cb3bbffc8df7a5c51c6d5e1df33de41d3dec28
https://attack.mitre.org/techniques/T1518/001/,1c7755964e2a741c16d7700b10e0f03b777bba9f2621aae7dd8329ada4ce5a8b
https://attack.mitre.org/techniques/T1082/,bda9c4cd4f604d6479185a4126cc4e628bb517e9cc836ac04e48025c6bc6f724
https://attack.mitre.org/techniques/T1614/,68558af307fa2c469ced6c576caef494a4945e8f77d100e802f8beed14108755
https://attack.mitre.org/techniques/T1614/001/,3837c8208e730f0eca224fcf0c0cb4f6a61029968a78cb63de6866ff64a58d65
https://attack.mitre.org/techniques/T1016/,4e2e275783ed0358534ae949c93d286b7bde471c72767678715294907fed53fc
https://attack.mitre.org/techniques/T1016/001/,7ffff785a2a8b03b69c761a03ee3aff2d1be7645364787955e5e5fc05964f50e
https://attack.mitre.org/techniques/T1016/002/,eff39d5e93e13ba12c30d5adf47fb14abcb17c1bd26a268c935e048afad48d9c
https://attack.mitre.org/techniques/T1049/,44281964a5db4529ff9c0d27d0aa925941b24bc8650fe27984594b6e6ef195d5
https://attack.mitre.org/techniques/T1033/,cf48003d0f2be21bda9eeb1b683d4f548909ecc075ae21bd26f62c5e55bdf0b7
https://attack.mitre.org/techniques/T1007/,be36f0394110952e4bca46765520b4d9cb831d06bb3ee0e687353d81f9854ca6
https://attack.mitre.org/techniques/T1124/,1c4688c8c557e5dfd5755740f96f3e428f8746f7ab06337b4693cfe5b2091219
https://attack.mitre.org/techniques/T1210/,e531b1f69c9534f4efb8cf3e7d473b92acac4f325bc58040342315b79b9f9952
https://attack.mitre.org/techniques/T1534/,513738eb598f92b267a7b3f17327a7179048a1eb314524682420fdbc6887192c
https://attack.mitre.org/techniques/T1570/,c935c3007cfe63533f5ef296fb64397a35e3ee2e72971203bd785b85e87b882b
https://attack.mitre.org/techniques/T1563/,69c902132dfff02c8b797a519fe6e30f231e94e4696c399b0ba31f2e0686f249
https://attack.mitre.org/techniques/T1563/001/,9f7a2a522209e6addfacd614933ea1529be3d450c4878140452f42b01e1ddc4c
https://attack.mitre.org/techniques/T1563/002/,c716fee784cad9a5bfaa419bad90d6a4cc880297639ea298947ff11c407c4182
https://attack.mitre.org/techniques/T1021/,ef886155667edd4c5a8699658f61a123e6312534cb3495f4ce866afcab88ce79
https://attack.mitre.org/techniques/T1021/001/,e8deeaf18779c2db43e80f107e11b542c3f6793eb7d000d11231f8c21f588e38
https://attack.mitre.org/techniques/T1021/002/,66d528d798a1cc046a04aa72e565de05e60bec8f8d1b2437648717a300ddbc11
https://attack.mitre.org/techniques/T1021/003/,2cc5674ff63b9ec83d14880c04384e2dde29f8d33e82b44bbb7029b185a3c518
https://attack.mitre.org/techniques/T1021/004/,c6c66232719fee091180119da8b3dfd0e35f29975be791637be867d63abceddc
https://attack.mitre.org/techniques/T1021/005/,59b89747ee2cab8aa404596a25a7b765186df233a42b9b6ecc34d69c3aa97f0c
https://attack.mitre.org/techniques/T1021/006/,00eaa09738ab96ffb63ff6d182374100a44c3fb231c9cbd72db5ce0a4a12fda5
https://attack.mitre.org/techniques/T1021/007/,da58399e9105a6709d288743d36493d21c098962226dc23abd617332c59a292a
https://attack.mitre.org/techniques/T1021/008/,51f967d2e36a0667c8bafca1d5aac94085963fdf21c330c26b048c29a6ae4d23
https://attack.mitre.org/techniques/T1080/,796abee2d37141206543a52c7cfbdbb38ed3a860433738e9a8fb3366c35458d9
https://attack.mitre.org/techniques/T1560/,a328e6157f64afda2eec6dfecb83d3e747d6b1c68d68d75277c66b05d04d0982
https://attack.mitre.org/techniques/T1560/001/,943009e5a8baf0f35460c69b83d7f3c779f391210722dc141238cb3c92eb9e99
https://attack.mitre.org/techniques/T1560/002/,8fdb036fca5efeb7efed245aaaad6b96a6f870934f30453abc0f20ee6ef1462d
https://attack.mitre.org/techniques/T1560/003/,d533abcbe84eeb45768bc24d833e8011d0193c4b9a091c259f88b65a43c80012
https://attack.mitre.org/techniques/T1123/,5b651e6b0f511b1ab7d6c19e89418625fa66be843ef427dd90857bea01f41654
https://attack.mitre.org/techniques/T1119/,71781c61d02591a26cc14bd9797c8bfd6123a8cf5d1e0ab3d20be5ebc064e430
https://attack.mitre.org/techniques/T1185/,fcafc59186514dfd5415e445cb8ecf67ebadbebee4c38539b850248e42830893
https://attack.mitre.org/techniques/T1115/,cbac300d8ffbfdd9b84d9af687ba91f1b208f88c2ccd613eeb2fae9637b60ed9
https://attack.mitre.org/techniques/T1530/,b6788bbea0a464c200bee3154876122df1e265ed677adbea6cc7082afb9174d5
https://attack.mitre.org/techniques/T1602/,8f7365fb30469a4b60cfaa4ae61f5bd65aaf93e391e9842fabd495337cc924cd
https://attack.mitre.org/techniques/T1602/001/,5c4fa7319aa3c892d92f6269729fc0c3ad4413856be2b52745afa7b8413c6029
https://attack.mitre.org/techniques/T1602/002/,34a4e5a98d70201d4e68f9ae7e4e2418bb6cfd0b2d3bedb617951740815fcc59
https://attack.mitre.org/techniques/T1213/,6ca04198a0690544f956447abd782eb53e65aec748016708a52498a9dc72524a
https://attack.mitre.org/techniques/T1213/001/,62a684597b26efe1857fadb65c2cbbc7a6be3bfda2564111111928e70e5fa8a6
https://attack.mitre.org/techniques/T1213/002/,bb28747a8d11565c0b92eb597fc267a2116f43ee08484415f6887afeb4f12ae4
https://attack.mitre.org/techniques/T1213/003/,ae6a39dc48b277bef68053846490a357ab2784ecef025fce7fa293bc668d0a5e
https://attack.mitre.org/techniques/T1005/,75ac2929cf89205c6264dbd6ec4eaad8bd759fbf8c399e9af0182fa0a7130b8e
https://attack.mitre.org/techniques/T1039/,aa6b05eafc152ba873861eebda4f8ad8918a5fec38a85483c6e73c898d996300
https://attack.mitre.org/techniques/T1025/,3e53aae9f90a35f54afd5e71953f930c288752d43446a6f8b02c2f11c118b118
https://attack.mitre.org/techniques/T1074/,b728da903496ebbf4d4d6d289ba714cae8b1090a9fc632bd76c12f2164b60698
https://attack.mitre.org/techniques/T1074/001/,81fe31ab77a863d45c82a0e969b7464304d6b5a11d9a15eee7b4194ce709fbbf
https://attack.mitre.org/techniques/T1074/002/,37c12a070c6d4e5935297eb2a2d5cd9318fd3d7745a6caf8bae77b758c5d7d3d
https://attack.mitre.org/techniques/T1114/,094607549f89a09644e565a76899ce8a2d9aefd9427c48009b272eeafd057d3c
https://attack.mitre.org/techniques/T1114/001/,a8aab047b57c2eb0039d455497ef771981276893e44eb4e04b5bfc3a5d3a584e
https://attack.mitre.org/techniques/T1114/002/,ad15134dfe855919a875b216ff8cabd3ac9ac62915e343394c002fb6920e6a2e
https://attack.mitre.org/techniques/T1114/003/,2369b1569460f0706d67642c528c2646158caa6ae5cdf1a4dbb344177065af31
https://attack.mitre.org/techniques/T1113/,401914b48bc30ea835f08a2eca0209da338555b14a2236956647e89862120641
https://attack.mitre.org/techniques/T1125/,d194ec190144cbae0bc0a76b99b2c168dc0a700aed63758b8fbf8a0e168670fb
https://attack.mitre.org/techniques/T1071/,47c06ed7f92a74f6f337b285c36b060b03be3b7e29902c751d35502d2b260f63
https://attack.mitre.org/techniques/T1071/001/,49190512e745a1e2cdbdf28953cb5251b77058d4396641088530b9f8ddee905f
https://attack.mitre.org/techniques/T1071/002/,8de69a2356a3516c1b3ab7f8473a2f5dd6e42aaf3314285d1aa6e6c58fc1c633
https://attack.mitre.org/techniques/T1071/003/,eb58d5ac860bab350a28ecc95d0785d05cffeb2958aee82f9a7041dad32dbb51
https://attack.mitre.org/techniques/T1071/004/,8875a9f8fe2932b52bca2b9df6d986cc5731f6a324839f7b25d1a2a75c45edcb
https://attack.mitre.org/techniques/T1092/,977153e5a4032fffc9469b808d9245cd4cf2bf4d93a7591c8d79797e003a5e2c
https://attack.mitre.org/techniques/T1132/,e886ffc0802d9fc79b55fb487d0fd038da544ac30961575d9ca3993037af3d9a
https://attack.mitre.org/techniques/T1132/001/,f98bd217a2cbd417e1b1b83e3d665422d409993cfa24bba49b0d2844dfc9098f
https://attack.mitre.org/techniques/T1132/002/,fc33d3d18e3d4f7f7512e596c26ed02e08b6ae5c6252c70ff087dde406c0c344
https://attack.mitre.org/techniques/T1001/,64f5cdc0faffdc5c0e293c2fa5f3fe71c7368317b69427683c0a494105bf036b
https://attack.mitre.org/techniques/T1001/001/,1a7afc62601d00082e16c8a540b262a1a8198845ad4ee0b7616f8e0886b40823
https://attack.mitre.org/techniques/T1001/002/,fba705c9b7de8f52e32274d1405e62baf835ec9fbc0c261df206f6f4dd2b633e
https://attack.mitre.org/techniques/T1001/003/,105a865c8a568b40c87e96b2a6bea1b942e8ec1c7c32c9d0a3123932c2b201f0
https://attack.mitre.org/techniques/T1568/,4794afe99ab97d22fa66eac3ae4c2080afa192608b584ec5e8b1e602454d156c
https://attack.mitre.org/techniques/T1568/001/,4004ca5f22f5b881bd26151253720c16c1f81165de7cff69393f64b73ab7d79e
https://attack.mitre.org/techniques/T1568/002/,edf4cfa7af11619bb5be6c271cb81d3afa0d0aee307f671496a4e1bad38323e9
https://attack.mitre.org/techniques/T1568/003/,6cdddb897442093959f0a321a9435759255bfeea1e12271e6111a06cbdce41ef
https://attack.mitre.org/techniques/T1573/,b913ddc7a71a52568000c3f4b12fbf22f3e53cbc66f30f4b45cf1b73651022d8
https://attack.mitre.org/techniques/T1573/001/,e881905531327d6967ee0d990fc5906db74e4e590a361f336dece7c05c59f9fe
https://attack.mitre.org/techniques/T1573/002/,bbf6213b2ab608759c8229c221fcfd7146b3d07953836714b3cb1442005aaf01
https://attack.mitre.org/techniques/T1008/,08bcd0eded56bf3bdbf89abb12af739cf150ad5ae75dedcb9f76601274c0ccd5
https://attack.mitre.org/techniques/T1105/,222c98238fe419c0318c9110e552407434be067baaf7a6b6bad5b30bfff15bee
https://attack.mitre.org/techniques/T1104/,b31cfdf77086386e006fe067887aff8841e91050365b7c0faf37cb3b443debc4
https://attack.mitre.org/techniques/T1095/,8d8688d1d1f7fac5b4fc3235555072ddaf10b84d0f53020f3453b2f5d8a9713b
https://attack.mitre.org/techniques/T1571/,1bf6062574a02d625d4d2a47184a31b7b11650dbe48b8110f1b6289c7d931ceb
https://attack.mitre.org/techniques/T1572/,c19ca1d2c49658c8b6a5ba4cedeca81eaf5175612231146860c834a910d7ed0c
https://attack.mitre.org/techniques/T1090/,1671bb8ac631c347525da494c046e8f61048f4e8fb7b8958b30a49e0c7f76073
https://attack.mitre.org/techniques/T1090/001/,19d8ee149fe2c4d27a061aa921486e5947975f26b5def14c24a87fbb808628d3
https://attack.mitre.org/techniques/T1090/002/,6d4fde190bfb468beeccb0c8843654257d93d8efebf650e6324f241657f57842
https://attack.mitre.org/techniques/T1090/003/,c1c3513dc55531997f93dce26f2d551d6efbba0b55f6a5cd274b63df9a97b212
https://attack.mitre.org/techniques/T1090/004/,d4979dba87b57bcb2e8db42247926dc43c21566f79fd0b374f83e6d666e328dc
https://attack.mitre.org/techniques/T1219/,65409aafc3c8779997a595095120528bdac1207e40ed62fd88129d37c561e461
https://attack.mitre.org/techniques/T1102/,e62643b97ce32dd4d937093b96c312ab903c0dbc9fb5498f887e2b955a150d5a
https://attack.mitre.org/techniques/T1102/001/,0ee48849f581dd7aebe4622c9e4efda11f9193e29aeca9f5eab739d6f14bdc83
https://attack.mitre.org/techniques/T1102/002/,818afe32dac6d941a9479e652ce6d683e6690b43dcfa0e98c0f3287872f20416
https://attack.mitre.org/techniques/T1102/003/,23863ccf4be6389991cccf24240ce32097adc5d9c1c6201378165aea325ec063
https://attack.mitre.org/techniques/T1020/,14e8c27cbf1478bfaf72b43b3c23b5c255f495805440f93445dd620a398bf963
https://attack.mitre.org/techniques/T1020/001/,184834193fa5d2d5dd561991aa0f6a8c7bb259f01bb024d35ae86990efadb2b7
https://attack.mitre.org/techniques/T1030/,dbd148ee308c47146b6283db892d6149c160fa6efa126e7baa59bac57f6e47d3
https://attack.mitre.org/techniques/T1048/,b19faffc95b4c42e283fc07a72625b422c95c040beeb4499a2a382e202a1a8ed
https://attack.mitre.org/techniques/T1048/001/,1a2b103c3f10793a361681154bdc858edfe4402b8d9eeca311244331cb2d7e11
https://attack.mitre.org/techniques/T1048/002/,2731f97f361789739fb6b65e94b0e530c0ff0cb0a8b13158d1abce639825be2b
https://attack.mitre.org/techniques/T1048/003/,66b3ca5f242c90ee4f92f4da788a149664bdebc3686add31d25b5f35cbee2c5f
https://attack.mitre.org/techniques/T1041/,9be22f443182c02dba0335717573d5e94b36d086ae46938a762a5a53225bfb12
https://attack.mitre.org/techniques/T1011/,809cf8905a1e0d7e9f28590c6c84726d67e0b08751a50970f0dd2942354fee30
https://attack.mitre.org/techniques/T1011/001/,361d8952a02c3233dab396cc76943e424736ceb00a551584a067c3e2fc054e88
https://attack.mitre.org/techniques/T1052/,b6b470f14100928ab45f3f8c7b90c13f0c126534ff588d84fc8e546c5ebd74f5
https://attack.mitre.org/techniques/T1052/001/,9a8e57c969e4b2ec98de6b2eddca31c31620f3a3c1d426948570948a1b16343d
https://attack.mitre.org/techniques/T1567/,b97a9e989dd391d19c36d1017ecfbfc5a0724fa78a6495cf95d932ef4eeab157
https://attack.mitre.org/techniques/T1567/001/,9b86d180d82677412f6e1c0f8b3661ce92de6d417fb2c3f938e6e74cc3320dd4
https://attack.mitre.org/techniques/T1567/002/,5979dc80c281a1d2f2a4f3748b00421babff1909a7228c687d71eeb5be86a7d1
https://attack.mitre.org/techniques/T1567/003/,72494abc1d7df084bd3a73136e82d3d5737befc9c8ab2bf0c8c824c8cc5bb001
https://attack.mitre.org/techniques/T1567/004/,0d39bd5f4a51e91ac7cb7c0164dc6062c6ffc801131e6e04d99d57a6854e82ab
https://attack.mitre.org/techniques/T1029/,5a0cb9d9d41a9ee01b4dd0862d2039da97b8494004f105a0547e97e217b9fc98
https://attack.mitre.org/techniques/T1537/,5687916e432fb903b3bf34cf967dc94383f937769250329e7cee67504e21b9c9
https://attack.mitre.org/techniques/T1531/,69afc8859406a2e94b2bab45fea9f69834ba4d87def1d6e751d68445d278c536
https://attack.mitre.org/techniques/T1485/,8b287de629ab593bd7e91f835692482deea69b778f130927eed91403f35b61cf
https://attack.mitre.org/techniques/T1486/,d90ee6a81cf4ab6bf983b3ec53d2e9fc9f3932cb7513c03125f55f27dceaec89
https://attack.mitre.org/techniques/T1565/,b835400de8a9a2242a3233b04659ee8b9076e3c9beaaf842afb7bb370669dbf8
https://attack.mitre.org/techniques/T1565/001/,6773311894078806e12bfb3bb8cd8c917a7d4f263e32f9389bbc32e9b5f79357
https://attack.mitre.org/techniques/T1565/002/,d3d1b10af6995e6bfed14e0de41941b2671d4f3416303fbd17e71a65e0ebbbaa
https://attack.mitre.org/techniques/T1565/003/,bde2e4fda73242e55700c3dcb0e8058b0cbdeb00c914efa7eaef85814be9db50
https://attack.mitre.org/techniques/T1491/,1fcad9375e4644e0851888a9d386ad901c7889c1dfa1dc2f236695be9578febd
https://attack.mitre.org/techniques/T1491/001/,dc30f4169dd7b8d6ab61bf94fba1735c6ead17871b6d8618233e348fc32864d5
https://attack.mitre.org/techniques/T1491/002/,db6ee6182a50b706178b2ebf39bfe48be11ef2870718b1be716fee86e0b470a9
https://attack.mitre.org/techniques/T1561/,e1126bf974025ab79421bb54604bc72ffa33eb74cafb463ebca19d9f67b707cc
https://attack.mitre.org/techniques/T1561/001/,e194b19dee0483d95c03de6b57c5d27efd040dc4033ba9cc8057de255c3f2084
https://attack.mitre.org/techniques/T1561/002/,8dd71efc866695c6c236fe003f24af7a07d00bf217a28ff902d182f51414f8b8
https://attack.mitre.org/techniques/T1499/,1bb505746b7aea4bfc52ceaa35e737e3f1e0131ba49ef73469956fd38ff70215
https://attack.mitre.org/techniques/T1499/001/,a0216124ea51809fa0c447acbd8b0181bafd75c2ab2bc734c805665e5532145c
https://attack.mitre.org/techniques/T1499/002/,144ef6c8d4fd478eebc4837636d6ef7de597d793739dc2986fdbdb3a5d9284cb
https://attack.mitre.org/techniques/T1499/003/,96578d5494916f28ab6a885bb3d2a2f24ae6c670c53acda4aeed62e364258c56
https://attack.mitre.org/techniques/T1499/004/,ce47955a4dd8727355c554bcb91fa8626fe88d9c1086de19617a5f08fc8b4a0a
https://attack.mitre.org/techniques/T1657/,4e8cb3d296a06fafabfbea4ffca40cbf6ec3c3a5086ac160442e6125f315352c
https://attack.mitre.org/techniques/T1495/,d23becc4a00cfb7cec603510b65936cba86686a65f48447f2a3556ac6ef53acc
https://attack.mitre.org/techniques/T1490/,46074a14ecb3bb855580fbf14f90f2c34b8eff2fc879fa01bfa6b3387659fd85
https://attack.mitre.org/techniques/T1498/,85c4540fc4bd67527ffed7d33b1c8f455d42ecd1af837f0aa33e8110004d59b5
https://attack.mitre.org/techniques/T1498/001/,8b72e13cc736897900504df6a470a2f4eba68a72de41f087cda344a70f216352
https://attack.mitre.org/techniques/T1498/002/,88ca56a0e87963dfd174e132bbe652d11a45468a9b49f1092e73104ec4febeef
https://attack.mitre.org/techniques/T1496/,7bcc4f63efaace61736c9680eec649cbb071f2e2ae8c69a95a6d873a7004b5c2
https://attack.mitre.org/techniques/T1489/,7b24ced767990c0591e8ed7886610591bf9c15989b99e1559920d892239890b3
https://attack.mitre.org/techniques/T1529/,fc00493dfeca1586d1e9a01340995df7a8cf5c85f61c239c8f13b61f94e91c10
